{
	
  "status":"white",
  
  
  
  "main": {
		"r": 148,
		"g": 64,
		"b": 255,
		"a": 1
	},



	  
	  	"sup_one": {
		"r": 21,
		"g": 0,
		"b": 80,
		"a": 0.5
	},

	  	"sup_two": {
		"r": 29,
		"g": 19,
		"b": 76,
		"a": 0.9
	},

		"sup_three": {
		"r": 209,
		"g": 209,
		"b": 209,
		"a": 0.1
	},

	
	               "sup_four": {
		"r": 255,
		"g": 255,
		"b": 255,
		"a": 0.08
	},




	
	
	
	
	"text_one": {
		"r": 255,
		"g": 255,
		"b": 255,
		"a": 1
	},



	"text_two": {
		"r": 255,
		"g": 255,
		"b": 255,
		"a": 0.5
	},

	"text_three": {
		"r": 255,
		"g": 255,
		"b": 255,
		"a": 0.3
	},

	"text_white": {
		"r": 255,
		"g": 255,
		"b": 255,
		"a": 1
	},







                  "icon_one": {
		"r": 255,
		"g": 255,
		"b": 255,
		"a": 1
	},



              "icon_two": {
		"r": 255,
		"g": 255,
		"b": 255,
		"a": 0.5
	},

	
	"icon_three": {
		"r": 255,
		"g": 255,
		"b": 255,
		"a": 0.3
	},

	"icon_white": {
		"r": 255,
		"g": 255,
		"b": 255,
		"a": 1
	},
	



	  
	  


	"search": {
		"r": 255,
		"g": 255,
		"b": 255,
		"a": 0.08
	},



	"card": {
		"r": 255,
		"g": 255,
		"b": 255,
		"a": 0.1
	},



	"hud": {
		"r": 49,
		"g": 37,
		"b": 89,
		"a": 1
	},

	  
	"split": {
		"r": 255,
		"g": 255,
		"b": 255,
		"a": 0.05
	},





	

	"input_bg": {
		"r": 255,
		"g": 255,
		"b": 255,
		"a": 1
	},



	"input_line": {
		"r": 255,
		"g": 255,
		"b": 255,
		"a": 0.2
	},

	
	"input_icon": {
		"r": 255,
		"g": 255,
		"b": 255,
		"a": 0.3
	}














}