{
	
  "status":"black",
  
  
  
  "main": {
		"r": 253,
		"g": 58,
		"b": 105,
		"a": 1
	},



	  
	  	"sup_one": {
		"r": 235,
		"g": 58,
		"b": 105,
		"a": 0.04},

	  	"sup_two": {
		"r": 253,
		"g": 58,
		"b": 105,
		"a": 0.8
	},

		"sup_three": {
		"r": 255,
		"g": 255,
		"b": 255,
		"a": 1
	},

	
	                "sup_four": {
		"r": 0,
		"g": 0,
		"b": 0,
		"a": 0.05
	},



	
	
	
	
	"text_one": {
		"r": 34,
		"g": 34,
		"b": 34,
		"a": 1
	},



	"text_two": {
		"r": 0,
		"g": 0,
		"b": 0,
		"a": 0.5
	},

	"text_three": {
		"r": 174,
		"g": 174,
		"b": 174,
		"a": 1
	},

	"text_white": {
		"r": 255,
		"g": 255,
		"b": 255,
		"a": 1
	},







"icon_one": {
		"r": 79,
		"g": 79,
		"b": 79,
		"a": 1
	},

"icon_two": {
		"r": 113,
		"g": 113,
		"b": 113,
		"a": 1
	},

	
	"icon_three": {
		"r": 210,
		"g": 210,
		"b": 210,
		"a": 1
	},

	"icon_white": {
		"r": 255,
		"g": 255,
		"b": 255,
		"a": 1
	},
	



	  
	  


	"search": {
		"r": 0,
		"g": 0,
		"b": 0,
		"a": 0.05
	},



	"card": {
		"r": 255,
		"g": 255,
		"b": 255,
		"a": 1
	},



	"hud": {
		"r": 255,
		"g": 255,
		"b": 255,
		"a": 1
	},

	  
	"split": {
		"r": 242,
		"g": 242,
		"b": 242,
		"a": 1
	},





	

	"input_bg": {
		"r": 255,
		"g": 255,
		"b": 255,
		"a": 1
	},



	"input_line": {
		"r": 0,
		"g": 0,
		"b": 0,
		"a": 0.05
	},

	
	"input_icon": {
		"r": 0,
		"g": 0,
		"b": 0,
		"a": 0.3
	}














}