{
	
  "status":"black",
  
  
  
                                "main": {
		"r": 0,
		"g": 99,
		"b": 144,
		"a": 1
	},



	  
	  	"sup_one": {
		"r": 74,
		"g": 162,
		"b": 200,
		"a": 0.4
	},

	  	"sup_two": {
		"r": 0,
		"g": 99,
		"b": 141,
		"a": 0.8
	},

		"sup_three": {
		"r": 0,
		"g": 26,
		"b": 21,
		"a": 0.1
	},

	
	                "sup_four": {
		"r": 0,
		"g": 61,
		"b": 95,
		"a": 0.1
	},




	
	
	
	
	"text_one": {
		"r": 0,
		"g": 26,
		"b": 37,
		"a": 1
	},



	"text_two": {
		"r": 0,
		"g":26,
		"b": 37,
		"a": 0.5
	},

	"text_three": {
		"r": 0,
		"g": 39,
		"b": 55,
		"a": 0.5
	},

	"text_white": {
		"r": 255,
		"g": 255,
		"b": 255,
		"a": 1
	},







                  "icon_one": {
		"r": 0,
		"g": 42,
		"b": 60,
		"a": 1
	},



              "icon_two": {
		"r": 0,
		"g": 42,
		"b": 60,
		"a": 0.5
	},

	
	"icon_three": {
		"r": 26,
		"g": 84,
		"b": 109,
		"a": 0.3
	},

	"icon_white": {
		"r": 255,
		"g": 255,
		"b": 255,
		"a": 1
	},
	



	  
	  


	"search": {
		"r": 0,
		"g": 99,
		"b": 141,
		"a": 0.1
	},



	"card": {
		"r": 255,
		"g": 255,
		"b": 255,
		"a": 0.4
	},



	"hud": {
		"r": 182,
		"g": 220,
		"b": 232,
		"a": 1
	},

	  
	"split": {
		"r": 0,
		"g": 69,
		"b": 107,
		"a": 0.08
	},





	

	"input_bg": {
		"r": 255,
		"g": 255,
		"b": 255,
		"a": 1
	},



	"input_line": {
		"r": 0,
		"g": 0,
		"b": 0,
		"a": 0.5
	},

	
	"input_icon": {
		"r": 0,
		"g": 0,
		"b": 0,
		"a": 0.3
	}














}