{
    "main":{
        "r":253,
        "g":58,
        "b":105,
        "a":1,
    },
  

  "text_main":{
        "r":34,
        "g":34,
        "b":34,
        "a":1,
    },
  

  "text_one":{
        "r":0,
        "g":0,
        "b":0,
        "a":0.5,
    },


    "text_two":{
        "r":0,
        "g":0,
        "b":0,
        "a":0.05,
    },
 

   "icon_one":{
        "r":79,
        "g":79,
        "b":79,
        "a":1,
    },
 

   "icon_two":{
        "r":113,
        "g":113,
        "b":113,
        "a":1,
    },
 

   "maincolor":{
        "r":0,
        "g":0,
        "b":0,
        "a":0,
    },

    "maincolor":{
        "r":0,
        "g":0,
        "b":0,
        "a":0,
    },
 
   "maincolor":{
        "r":0,
        "g":0,
        "b":0,
        "a":0,
    },
  
  "maincolor":{
        "r":0,
        "g":0,
        "b":0,
        "a":0,
    },
 
   "maincolor":{
        "r":0,
        "g":0,
        "b":0,
        "a":0,
    },
 
   "maincolor":{
        "r":0,
        "g":0,
        "b":0,
        "a":0,
    },
 
   "maincolor":{
        "r":0,
        "g":0,
        "b":0,
        "a":0,
    },
}