{
	
  "status":"black",
  
  
  
  "main": {
		"r": 0,
		"g": 153,
		"b": 127,
		"a": 1
	},



	  
	  	"sup_one": {
		"r": 255,
		"g": 255,
		"b": 255,
		"a": 0.3
	},

	  	"sup_two": {
		"r": 0,
		"g": 33,
		"b": 19,
		"a": 0.8
	},

		"sup_three": {
		"r": 0,
		"g": 26,
		"b": 21,
		"a": 0.1
	},

	
	



	
	
	
	
	"text_one": {
		"r": 31,
		"g": 38,
		"b": 34,
		"a": 1
	},



	"text_two": {
		"r": 30,
		"g":38,
		"b": 34,
		"a": 0.5
	},

	"text_three": {
		"r": 0,
		"g": 0,
		"b": 0,
		"a": 0.05
	},

	"text_white": {
		"r": 255,
		"g": 255,
		"b": 255,
		"a": 1
	},







                  "icon_one": {
		"r": 40,
		"g": 74,
		"b": 60,
		"a": 1
	},



              "icon_two": {
		"r": 82,
		"g": 95,
		"b": 88,
		"a": 0.5
	},

	
	"icon_three": {
		"r": 126,
		"g": 151,
		"b": 139,
		"a": 0.5
	},

	"icon_white": {
		"r": 255,
		"g": 255,
		"b": 255,
		"a": 1
	},
	



	  
	  


	"search": {
		"r": 0,
		"g": 103,
		"b": 86,
		"a": 0.1
	},



	"card": {
		"r": 255,
		"g": 255,
		"b": 255,
		"a": 0.5
	},



	"hud": {
		"r": 255,
		"g": 255,
		"b": 255,
		"a": 1
	},

	  
	"split": {
		"r": 255,
		"g": 255,
		"b": 255,
		"a": 0.4
	},





	

	"input_bg": {
		"r": 255,
		"g": 255,
		"b": 255,
		"a": 1
	},



	"input_line": {
		"r": 0,
		"g": 0,
		"b": 0,
		"a": 0.5
	},

	
	"input_icon": {
		"r": 0,
		"g": 0,
		"b": 0,
		"a": 0.3
	}














}