{
	
  "status":"white",
  
  
  
                                "main": {
		"r": 253,
		"g": 58,
		"b": 105,
		"a": 1
	},



	  
	  	"sup_one": {
		"r": 118,
		"g": 118,
		"b": 128,
		"a": 0.24
	},

	  	"sup_two": {
		"r": 253,
		"g": 58,
		"b": 105,
		"a": 0.8
	},

		"sup_three": {
		"r": 209,
		"g": 209,
		"b": 209,
		"a": 1
	},

	
	"sup_four": {
		"r": 255,
		"g": 255,
		"b": 255,
		"a": 0.05
	},



	
	
	
	
	"text_one": {
		"r": 255,
		"g": 255,
		"b": 255,
		"a": 0.9
	},



	"text_two": {
		"r": 235,
		"g": 235,
		"b": 245,
		"a": 0.6
	},

	"text_three": {
		"r": 0,
		"g": 0,
		"b": 0,
		"a": 0.05
	},

	"text_white": {
		"r": 255,
		"g": 255,
		"b": 255,
		"a": 1
	},







"icon_one": {
		"r": 142,
		"g": 142,
		"b": 147,
		"a": 1
	},

"icon_two": {
		"r": 113,
		"g": 113,
		"b": 113,
		"a": 1
	},

	
	"icon_three": {
		"r": 146,
		"g": 146,
		"b": 146,
		"a": 0.5
	},

	"icon_white": {
		"r": 0,
		"g": 0,
		"b": 0,
		"a": 0.2
	},
	



	  
	  


	"search": {
		"r": 118,
		"g": 118,
		"b": 128,
		"a": 0.24
	},



	"card": {
		"r": 80,
		"g": 80,
		"b": 80,
		"a": 0.24
	},



	"hud": {
		"r": 22,
		"g": 22,
		"b": 22,
		"a": 1
	},

	  
	"split": {
		"r": 255,
		"g": 255,
		"b": 255,
		"a": 0.05
	},





	

	"input_bg": {
		"r": 22,
		"g": 22,
		"b": 22,
		"a": 1
	},



	"input_line": {
		"r": 255,
		"g": 255,
		"b": 255,
		"a": 0.1
	},

	
	"input_icon": {
		"r": 255,
		"g": 255,
		"b": 255,
		"a": 0.3
	}














}