{
	"main": {
		"r": 0,
		"g": 0,
		"b": 255,
		"a": 1
	},







	"text_main": {
			"r": 255,
		"g": 255,
		"b": 255,
		"a": 0.5
	},
	"text_one": {
		"r": 255,
		"g": 255,
		"b": 255,
		"a": 1
	},
	"text_two": {
		"r": 255,
		"g": 255,
		"b": 255,
		"a": 0.8
	},
	"text_white": {
		"r": 255,
		"g": 255,
		"b": 255,
		"a": 0.3
	},








	"icon_white": {
		"r": 255,
		"g": 255,
		"b": 255,
		"a": 1
	},
	"icon_one": {
		"r": 255,
		"g": 255,
		"b": 255,
		"a": 0.4
	},
	"icon_two": {
		"r": 255,
		"g": 255,
		"b": 255,
		"a": 0.6
	},
	"icon_three": {
		"r": 255,
		"g": 255,
		"b": 255,
		"a": 0.8
	},







	"bg_search": {
		"r": 0,
		"g": 0,
		"b": 0,
		"a": 0.05
	},



	"card": {
		"r": 255,
		"g": 255,
		"b": 255,
		"a": 1
	},



	"pw_color": {
		"r": 255,
		"g": 255,
		"b": 255,
		"a": 1
	},

	"divider": {
		"r": 242,
		"g": 242,
		"b": 242,
		"a": 1
	},

	"forever_white": {
		"r": 255,
		"g": 255,
		"b": 255,
		"a": 1
	},

	"like_red": {
		"r": 253,
		"g": 58,
		"b": 105,
		"a": 1
	},

	"tab_color": {
		"r": 255,
		"g": 255,
		"b": 255,
		"a": 1
	},
	"bg_input": {
		"r": 255,
		"g": 255,
		"b": 255,
		"a": 1
	},



	"line_input": {
		"r": 0,
		"g": 0,
		"b": 0,
		"a": 0.5
	},

	"icon_input": {
		"r": 0,
		"g": 0,
		"b": 0,
		"a": 0.3
	},






	"sup_four": {
		"r": 0,
		"g": 0,
		"b": 0,
		"a": 0.5
	},

	"sup_three": {
		"r": 255,
		"g": 255,
		"b": 255,
		"a": 1
	},

	"sup_two": {
		"r": 255,
		"g": 0,
		"b": 0,
		"a": 1
	},




	"sup_one": {
		"r": 255,
		"g": 255,
		"b": 255,
		"a": 1
	},
    "status":"white"

}
